{
  "alibaba_gpu2020": {
    "alibaba_gpu2020": 1.0,
    "alibaba_gpu2025": 0.5900552700156958,
    "alibaba2018": 0.38911095362818815,
    "azure_native": 0.2833438030337739,
    "jssp": 0.4439737380373475,
    "star_job": 0.5040520122350215,
    "mega_math": 0.5206063849715513
  },
  "alibaba_gpu2025": {
    "alibaba_gpu2020": 0.8186876974790243,
    "alibaba_gpu2025": 1.0,
    "alibaba2018": 0.29976893131798477,
    "azure_native": 0.29296618254657025,
    "jssp": 0.2836663345171804,
    "star_job": 0.5329991569616698,
    "mega_math": 0.36510368629436507
  },
  "alibaba2018": {
    "alibaba_gpu2020": 0.3999573236995344,
    "alibaba_gpu2025": 0.3949774885744999,
    "alibaba2018": 1.0,
    "azure_native": 0.6913287593706805,
    "jssp": 0.4353791071649178,
    "star_job": 0.4735136885903933,
    "mega_math": 0.4477030830854324
  },
  "azure_native": {
    "alibaba_gpu2020": 0.27433445362316344,
    "alibaba_gpu2025": 0.4935943247396166,
    "alibaba2018": 0.7749695181878696,
    "azure_native": 1.0,
    "jssp": 0.32676421353263735,
    "star_job": 0.5228180614920811,
    "mega_math": 0.2590606226894794
  },
  "jssp": {
    "alibaba_gpu2020": 0.44690748433551886,
    "alibaba_gpu2025": 0.3536118175446501,
    "alibaba2018": 0.3271628214480175,
    "azure_native": 0.5089325454181991,
    "jssp": 1.0,
    "star_job": 0.6050816481478889,
    "mega_math": 0.42688162792822204
  },
  "star_job": {
    "alibaba_gpu2020": 0.40323868030394994,
    "alibaba_gpu2025": 0.3651803157454402,
    "alibaba2018": 0.4118764334593284,
    "azure_native": 0.38332267087020205,
    "jssp": 0.7565707992378343,
    "star_job": 1.0,
    "mega_math": 0.8343932639989046
  },
  "mega_math": {
    "alibaba_gpu2020": 0.4425237651552328,
    "alibaba_gpu2025": 0.3634600820215176,
    "alibaba2018": 0.48669762346608836,
    "azure_native": 0.26695200408613207,
    "jssp": 0.2699399125683448,
    "star_job": 0.7127440594126104,
    "mega_math": 1.0
  }
}
