{
  "job_14:job_66": {
    "value": 0.1404765949584066,
    "confidence_interval": [
      0.09047659495840658,
      0.19047659495840658
    ]
  },
  "job_14:job_73": {
    "value": 0.3111676676556504,
    "confidence_interval": [
      0.2611676676556504,
      0.3611676676556504
    ]
  },
  "job_14:job_82": {
    "value": -0.24856541930050047,
    "confidence_interval": [
      -0.29856541930050046,
      -0.19856541930050048
    ]
  },
  "job_66:job_73": {
    "value": -0.4292115420339414,
    "confidence_interval": [
      -0.4792115420339414,
      -0.3792115420339414
    ]
  },
  "job_66:job_82": {
    "value": -0.16714587257423486,
    "confidence_interval": [
      -0.21714587257423484,
      -0.11714587257423485
    ]
  },
  "job_73:job_82": {
    "value": -0.4784483607327552,
    "confidence_interval": [
      -0.5284483607327553,
      -0.4284483607327552
    ]
  }
}
